<?xml version="1.0" encoding="UTF-8"?>
<mxfile host="app.diagrams.net" modified="2022-09-28T00:38:28.134Z" agent="5.0 (Windows)" etag="ITEUXmO60oZ3vecv4GSV" version="20.3.6" type="device">
  <diagram id="C5RBs43oDa-KdzZeNtuy" name="Page-1">
    <mxGraphModel dx="1947" dy="2124" grid="0" gridSize="10" guides="1" tooltips="1" connect="1" arrows="1" fold="1" page="1" pageScale="1" pageWidth="1169" pageHeight="827" math="0" shadow="0">
      <root>
        <mxCell id="WIyWlLk6GJQsqaUBKTNV-0" />
        <mxCell id="WIyWlLk6GJQsqaUBKTNV-1" parent="WIyWlLk6GJQsqaUBKTNV-0" />
        <mxCell id="cZDlXFjxWyc9DW6ugEul-115" style="edgeStyle=orthogonalEdgeStyle;rounded=0;orthogonalLoop=1;jettySize=auto;html=1;exitX=0.5;exitY=0;exitDx=0;exitDy=0;entryX=0.5;entryY=1;entryDx=0;entryDy=0;" edge="1" parent="WIyWlLk6GJQsqaUBKTNV-1" source="cZDlXFjxWyc9DW6ugEul-111" target="cZDlXFjxWyc9DW6ugEul-114">
          <mxGeometry relative="1" as="geometry" />
        </mxCell>
        <mxCell id="cZDlXFjxWyc9DW6ugEul-111" value="sum2=rollDie(6)" style="shape=process;whiteSpace=wrap;html=1;backgroundOutline=1;" vertex="1" parent="WIyWlLk6GJQsqaUBKTNV-1">
          <mxGeometry x="1523" y="-595" width="110" height="20" as="geometry" />
        </mxCell>
        <mxCell id="cZDlXFjxWyc9DW6ugEul-2" style="edgeStyle=orthogonalEdgeStyle;rounded=0;orthogonalLoop=1;jettySize=auto;html=1;exitX=0.5;exitY=1;exitDx=0;exitDy=0;entryX=0.5;entryY=0;entryDx=0;entryDy=0;" edge="1" parent="WIyWlLk6GJQsqaUBKTNV-1" source="cZDlXFjxWyc9DW6ugEul-0" target="cZDlXFjxWyc9DW6ugEul-1">
          <mxGeometry relative="1" as="geometry" />
        </mxCell>
        <mxCell id="cZDlXFjxWyc9DW6ugEul-0" value="&lt;div&gt;File&lt;/div&gt;&lt;div&gt;Author&lt;/div&gt;&lt;div&gt;Date&lt;/div&gt;&lt;div&gt;Purpose&lt;br&gt;&lt;/div&gt;" style="rounded=0;whiteSpace=wrap;html=1;" vertex="1" parent="WIyWlLk6GJQsqaUBKTNV-1">
          <mxGeometry x="94" y="-706" width="70" height="70" as="geometry" />
        </mxCell>
        <mxCell id="cZDlXFjxWyc9DW6ugEul-20" style="edgeStyle=orthogonalEdgeStyle;rounded=0;orthogonalLoop=1;jettySize=auto;html=1;exitX=0.5;exitY=1;exitDx=0;exitDy=0;entryX=0.5;entryY=0;entryDx=0;entryDy=0;" edge="1" parent="WIyWlLk6GJQsqaUBKTNV-1" source="cZDlXFjxWyc9DW6ugEul-1" target="cZDlXFjxWyc9DW6ugEul-3">
          <mxGeometry relative="1" as="geometry" />
        </mxCell>
        <mxCell id="cZDlXFjxWyc9DW6ugEul-1" value="&lt;div&gt;Libraries&lt;/div&gt;&lt;div&gt;iostream&lt;/div&gt;&lt;div&gt;cstdlib&lt;/div&gt;&lt;div&gt;ctime&lt;/div&gt;&lt;div&gt;fstream&lt;br&gt;&lt;/div&gt;" style="rounded=0;whiteSpace=wrap;html=1;" vertex="1" parent="WIyWlLk6GJQsqaUBKTNV-1">
          <mxGeometry x="89" y="-599" width="80" height="91" as="geometry" />
        </mxCell>
        <mxCell id="cZDlXFjxWyc9DW6ugEul-21" style="edgeStyle=orthogonalEdgeStyle;rounded=0;orthogonalLoop=1;jettySize=auto;html=1;exitX=0.5;exitY=1;exitDx=0;exitDy=0;entryX=0.5;entryY=0;entryDx=0;entryDy=0;" edge="1" parent="WIyWlLk6GJQsqaUBKTNV-1" source="cZDlXFjxWyc9DW6ugEul-3" target="cZDlXFjxWyc9DW6ugEul-19">
          <mxGeometry relative="1" as="geometry" />
        </mxCell>
        <mxCell id="cZDlXFjxWyc9DW6ugEul-3" value="&lt;div&gt;Global Constants&lt;/div&gt;&lt;div&gt;PERCENT=100&lt;br&gt;&lt;/div&gt;" style="rounded=0;whiteSpace=wrap;html=1;" vertex="1" parent="WIyWlLk6GJQsqaUBKTNV-1">
          <mxGeometry x="79" y="-475" width="100" height="40" as="geometry" />
        </mxCell>
        <mxCell id="cZDlXFjxWyc9DW6ugEul-25" style="edgeStyle=orthogonalEdgeStyle;rounded=0;orthogonalLoop=1;jettySize=auto;html=1;exitX=0.5;exitY=1;exitDx=0;exitDy=0;entryX=0.5;entryY=0;entryDx=0;entryDy=0;" edge="1" parent="WIyWlLk6GJQsqaUBKTNV-1" source="cZDlXFjxWyc9DW6ugEul-13" target="cZDlXFjxWyc9DW6ugEul-24">
          <mxGeometry relative="1" as="geometry" />
        </mxCell>
        <mxCell id="cZDlXFjxWyc9DW6ugEul-13" value="Main Game of Craps" style="ellipse;whiteSpace=wrap;html=1;" vertex="1" parent="WIyWlLk6GJQsqaUBKTNV-1">
          <mxGeometry x="91.5" y="-299" width="75" height="50" as="geometry" />
        </mxCell>
        <mxCell id="cZDlXFjxWyc9DW6ugEul-32" style="edgeStyle=orthogonalEdgeStyle;rounded=0;orthogonalLoop=1;jettySize=auto;html=1;exitX=0.5;exitY=1;exitDx=0;exitDy=0;entryX=0.5;entryY=0;entryDx=0;entryDy=0;" edge="1" parent="WIyWlLk6GJQsqaUBKTNV-1" source="cZDlXFjxWyc9DW6ugEul-17" target="cZDlXFjxWyc9DW6ugEul-31">
          <mxGeometry relative="1" as="geometry" />
        </mxCell>
        <mxCell id="cZDlXFjxWyc9DW6ugEul-17" value="Declare in and out files streams" style="rounded=0;whiteSpace=wrap;html=1;" vertex="1" parent="WIyWlLk6GJQsqaUBKTNV-1">
          <mxGeometry x="267" y="-606" width="100" height="50" as="geometry" />
        </mxCell>
        <mxCell id="cZDlXFjxWyc9DW6ugEul-23" style="edgeStyle=orthogonalEdgeStyle;rounded=0;orthogonalLoop=1;jettySize=auto;html=1;exitX=0.5;exitY=1;exitDx=0;exitDy=0;entryX=0.5;entryY=0;entryDx=0;entryDy=0;" edge="1" parent="WIyWlLk6GJQsqaUBKTNV-1" source="cZDlXFjxWyc9DW6ugEul-19" target="cZDlXFjxWyc9DW6ugEul-13">
          <mxGeometry relative="1" as="geometry" />
        </mxCell>
        <mxCell id="cZDlXFjxWyc9DW6ugEul-19" value="&lt;div&gt;Function Prototypes&lt;/div&gt;&lt;div&gt;rollDie&lt;/div&gt;&lt;div&gt;fileDsp&lt;/div&gt;&lt;div&gt;scrnDsp&lt;/div&gt;&lt;div&gt;crpGame&lt;br&gt;&lt;/div&gt;" style="rounded=0;whiteSpace=wrap;html=1;" vertex="1" parent="WIyWlLk6GJQsqaUBKTNV-1">
          <mxGeometry x="72" y="-409" width="114" height="90" as="geometry" />
        </mxCell>
        <mxCell id="cZDlXFjxWyc9DW6ugEul-30" style="edgeStyle=orthogonalEdgeStyle;rounded=0;orthogonalLoop=1;jettySize=auto;html=1;exitX=0.5;exitY=1;exitDx=0;exitDy=0;entryX=0.5;entryY=0;entryDx=0;entryDy=0;" edge="1" parent="WIyWlLk6GJQsqaUBKTNV-1" source="cZDlXFjxWyc9DW6ugEul-22" target="cZDlXFjxWyc9DW6ugEul-17">
          <mxGeometry relative="1" as="geometry" />
        </mxCell>
        <mxCell id="cZDlXFjxWyc9DW6ugEul-22" value="Set Random Number Seed with time" style="rounded=0;whiteSpace=wrap;html=1;" vertex="1" parent="WIyWlLk6GJQsqaUBKTNV-1">
          <mxGeometry x="267" y="-696" width="100" height="60" as="geometry" />
        </mxCell>
        <mxCell id="cZDlXFjxWyc9DW6ugEul-24" value="A" style="ellipse;whiteSpace=wrap;html=1;aspect=fixed;" vertex="1" parent="WIyWlLk6GJQsqaUBKTNV-1">
          <mxGeometry x="116.5" y="-207" width="25" height="25" as="geometry" />
        </mxCell>
        <mxCell id="cZDlXFjxWyc9DW6ugEul-29" style="edgeStyle=orthogonalEdgeStyle;rounded=0;orthogonalLoop=1;jettySize=auto;html=1;exitX=0.5;exitY=1;exitDx=0;exitDy=0;entryX=0.5;entryY=0;entryDx=0;entryDy=0;" edge="1" parent="WIyWlLk6GJQsqaUBKTNV-1" source="cZDlXFjxWyc9DW6ugEul-26" target="cZDlXFjxWyc9DW6ugEul-22">
          <mxGeometry relative="1" as="geometry" />
        </mxCell>
        <mxCell id="cZDlXFjxWyc9DW6ugEul-26" value="A" style="ellipse;whiteSpace=wrap;html=1;aspect=fixed;" vertex="1" parent="WIyWlLk6GJQsqaUBKTNV-1">
          <mxGeometry x="304.5" y="-758" width="25" height="25" as="geometry" />
        </mxCell>
        <mxCell id="cZDlXFjxWyc9DW6ugEul-34" style="edgeStyle=orthogonalEdgeStyle;rounded=0;orthogonalLoop=1;jettySize=auto;html=1;exitX=0.5;exitY=1;exitDx=0;exitDy=0;entryX=0.5;entryY=0;entryDx=0;entryDy=0;" edge="1" parent="WIyWlLk6GJQsqaUBKTNV-1" source="cZDlXFjxWyc9DW6ugEul-31" target="cZDlXFjxWyc9DW6ugEul-33">
          <mxGeometry relative="1" as="geometry" />
        </mxCell>
        <mxCell id="cZDlXFjxWyc9DW6ugEul-31" value="&lt;div&gt;Declare&lt;/div&gt;&lt;div&gt;nGames&lt;/div&gt;&lt;div&gt;mxThrw=0,numThrw=0&lt;/div&gt;&lt;div&gt;lmGames=100000000&lt;/div&gt;&lt;div&gt;SIZE=13&lt;/div&gt;&lt;div&gt;wins[size]={ }&lt;/div&gt;&lt;div&gt;losses[SIZE]={ }&lt;br&gt;&lt;/div&gt;" style="rounded=0;whiteSpace=wrap;html=1;" vertex="1" parent="WIyWlLk6GJQsqaUBKTNV-1">
          <mxGeometry x="253" y="-526" width="128" height="110" as="geometry" />
        </mxCell>
        <mxCell id="cZDlXFjxWyc9DW6ugEul-36" style="edgeStyle=orthogonalEdgeStyle;rounded=0;orthogonalLoop=1;jettySize=auto;html=1;exitX=0.5;exitY=1;exitDx=0;exitDy=0;entryX=0.5;entryY=0;entryDx=0;entryDy=0;" edge="1" parent="WIyWlLk6GJQsqaUBKTNV-1" source="cZDlXFjxWyc9DW6ugEul-33" target="cZDlXFjxWyc9DW6ugEul-35">
          <mxGeometry relative="1" as="geometry" />
        </mxCell>
        <mxCell id="cZDlXFjxWyc9DW6ugEul-33" value="&lt;div&gt;Initialize&lt;/div&gt;&lt;div&gt;inName=&quot;GameInfo.dat&quot;&lt;/div&gt;&lt;div&gt;outName[]=&quot;GameStats.dat&quot;&lt;/div&gt;" style="rounded=0;whiteSpace=wrap;html=1;" vertex="1" parent="WIyWlLk6GJQsqaUBKTNV-1">
          <mxGeometry x="239.5" y="-389" width="155" height="50" as="geometry" />
        </mxCell>
        <mxCell id="cZDlXFjxWyc9DW6ugEul-38" style="edgeStyle=orthogonalEdgeStyle;rounded=0;orthogonalLoop=1;jettySize=auto;html=1;exitX=0.5;exitY=1;exitDx=0;exitDy=0;entryX=0.5;entryY=0;entryDx=0;entryDy=0;" edge="1" parent="WIyWlLk6GJQsqaUBKTNV-1" source="cZDlXFjxWyc9DW6ugEul-35" target="cZDlXFjxWyc9DW6ugEul-37">
          <mxGeometry relative="1" as="geometry" />
        </mxCell>
        <mxCell id="cZDlXFjxWyc9DW6ugEul-35" value="&lt;div&gt;Open Files&lt;/div&gt;&lt;div&gt;in.open(inName.c_str())&lt;/div&gt;&lt;div&gt;out.open(outName)&lt;br&gt;&lt;/div&gt;" style="rounded=0;whiteSpace=wrap;html=1;" vertex="1" parent="WIyWlLk6GJQsqaUBKTNV-1">
          <mxGeometry x="247" y="-319" width="140" height="60" as="geometry" />
        </mxCell>
        <mxCell id="cZDlXFjxWyc9DW6ugEul-37" value="B" style="ellipse;whiteSpace=wrap;html=1;aspect=fixed;" vertex="1" parent="WIyWlLk6GJQsqaUBKTNV-1">
          <mxGeometry x="304.5" y="-207" width="25" height="25" as="geometry" />
        </mxCell>
        <mxCell id="cZDlXFjxWyc9DW6ugEul-41" style="edgeStyle=orthogonalEdgeStyle;rounded=0;orthogonalLoop=1;jettySize=auto;html=1;exitX=0.5;exitY=1;exitDx=0;exitDy=0;entryX=0.5;entryY=0;entryDx=0;entryDy=0;" edge="1" parent="WIyWlLk6GJQsqaUBKTNV-1" source="cZDlXFjxWyc9DW6ugEul-39" target="cZDlXFjxWyc9DW6ugEul-40">
          <mxGeometry relative="1" as="geometry" />
        </mxCell>
        <mxCell id="cZDlXFjxWyc9DW6ugEul-39" value="B" style="ellipse;whiteSpace=wrap;html=1;aspect=fixed;" vertex="1" parent="WIyWlLk6GJQsqaUBKTNV-1">
          <mxGeometry x="509" y="-758" width="25" height="25" as="geometry" />
        </mxCell>
        <mxCell id="cZDlXFjxWyc9DW6ugEul-42" style="edgeStyle=orthogonalEdgeStyle;rounded=0;orthogonalLoop=1;jettySize=auto;html=1;exitX=1;exitY=0.5;exitDx=0;exitDy=0;entryX=0.5;entryY=0;entryDx=0;entryDy=0;" edge="1" parent="WIyWlLk6GJQsqaUBKTNV-1" source="cZDlXFjxWyc9DW6ugEul-40" target="cZDlXFjxWyc9DW6ugEul-40">
          <mxGeometry relative="1" as="geometry">
            <mxPoint x="624.3076923076922" y="-658.0769230769231" as="targetPoint" />
            <Array as="points">
              <mxPoint x="598" y="-658" />
              <mxPoint x="598" y="-717" />
              <mxPoint x="522" y="-717" />
            </Array>
          </mxGeometry>
        </mxCell>
        <mxCell id="cZDlXFjxWyc9DW6ugEul-62" style="edgeStyle=orthogonalEdgeStyle;rounded=0;orthogonalLoop=1;jettySize=auto;html=1;exitX=0.5;exitY=1;exitDx=0;exitDy=0;entryX=0.5;entryY=0;entryDx=0;entryDy=0;" edge="1" parent="WIyWlLk6GJQsqaUBKTNV-1" source="cZDlXFjxWyc9DW6ugEul-40" target="cZDlXFjxWyc9DW6ugEul-44">
          <mxGeometry relative="1" as="geometry" />
        </mxCell>
        <mxCell id="cZDlXFjxWyc9DW6ugEul-40" value="in&amp;gt;&amp;gt;nGames" style="rhombus;whiteSpace=wrap;html=1;" vertex="1" parent="WIyWlLk6GJQsqaUBKTNV-1">
          <mxGeometry x="476.5" y="-688" width="90" height="60" as="geometry" />
        </mxCell>
        <mxCell id="cZDlXFjxWyc9DW6ugEul-43" value="true" style="text;html=1;align=center;verticalAlign=middle;resizable=0;points=[];autosize=1;strokeColor=none;fillColor=none;" vertex="1" parent="WIyWlLk6GJQsqaUBKTNV-1">
          <mxGeometry x="560" y="-679" width="39" height="26" as="geometry" />
        </mxCell>
        <mxCell id="cZDlXFjxWyc9DW6ugEul-47" style="edgeStyle=orthogonalEdgeStyle;rounded=0;orthogonalLoop=1;jettySize=auto;html=1;exitX=1;exitY=0.5;exitDx=0;exitDy=0;entryX=0;entryY=0.5;entryDx=0;entryDy=0;" edge="1" parent="WIyWlLk6GJQsqaUBKTNV-1" source="cZDlXFjxWyc9DW6ugEul-44" target="cZDlXFjxWyc9DW6ugEul-45">
          <mxGeometry relative="1" as="geometry" />
        </mxCell>
        <mxCell id="cZDlXFjxWyc9DW6ugEul-48" style="edgeStyle=orthogonalEdgeStyle;rounded=0;orthogonalLoop=1;jettySize=auto;html=1;exitX=0.5;exitY=1;exitDx=0;exitDy=0;entryX=0.5;entryY=0;entryDx=0;entryDy=0;" edge="1" parent="WIyWlLk6GJQsqaUBKTNV-1" source="cZDlXFjxWyc9DW6ugEul-44" target="cZDlXFjxWyc9DW6ugEul-46">
          <mxGeometry relative="1" as="geometry" />
        </mxCell>
        <mxCell id="cZDlXFjxWyc9DW6ugEul-44" value="nGames&amp;gt;lmGames" style="rhombus;whiteSpace=wrap;html=1;" vertex="1" parent="WIyWlLk6GJQsqaUBKTNV-1">
          <mxGeometry x="456.5" y="-585" width="130" height="50" as="geometry" />
        </mxCell>
        <mxCell id="cZDlXFjxWyc9DW6ugEul-52" style="edgeStyle=orthogonalEdgeStyle;rounded=0;orthogonalLoop=1;jettySize=auto;html=1;exitX=0.5;exitY=1;exitDx=0;exitDy=0;entryX=0.5;entryY=0;entryDx=0;entryDy=0;" edge="1" parent="WIyWlLk6GJQsqaUBKTNV-1" source="cZDlXFjxWyc9DW6ugEul-45" target="cZDlXFjxWyc9DW6ugEul-51">
          <mxGeometry relative="1" as="geometry">
            <Array as="points">
              <mxPoint x="688" y="-451" />
              <mxPoint x="522" y="-451" />
            </Array>
          </mxGeometry>
        </mxCell>
        <mxCell id="cZDlXFjxWyc9DW6ugEul-45" value="nGames=lmGames" style="rounded=0;whiteSpace=wrap;html=1;" vertex="1" parent="WIyWlLk6GJQsqaUBKTNV-1">
          <mxGeometry x="633" y="-528" width="110" height="20" as="geometry" />
        </mxCell>
        <mxCell id="cZDlXFjxWyc9DW6ugEul-53" style="edgeStyle=orthogonalEdgeStyle;rounded=0;orthogonalLoop=1;jettySize=auto;html=1;exitX=0.5;exitY=1;exitDx=0;exitDy=0;entryX=0.5;entryY=0;entryDx=0;entryDy=0;" edge="1" parent="WIyWlLk6GJQsqaUBKTNV-1" source="cZDlXFjxWyc9DW6ugEul-46" target="cZDlXFjxWyc9DW6ugEul-51">
          <mxGeometry relative="1" as="geometry" />
        </mxCell>
        <mxCell id="cZDlXFjxWyc9DW6ugEul-46" value="nGames=nGames" style="rounded=0;whiteSpace=wrap;html=1;" vertex="1" parent="WIyWlLk6GJQsqaUBKTNV-1">
          <mxGeometry x="471.5" y="-491" width="100" height="20" as="geometry" />
        </mxCell>
        <mxCell id="cZDlXFjxWyc9DW6ugEul-49" value="true" style="text;html=1;align=center;verticalAlign=middle;resizable=0;points=[];autosize=1;strokeColor=none;fillColor=none;" vertex="1" parent="WIyWlLk6GJQsqaUBKTNV-1">
          <mxGeometry x="603" y="-561" width="39" height="26" as="geometry" />
        </mxCell>
        <mxCell id="cZDlXFjxWyc9DW6ugEul-50" value="false" style="text;html=1;align=center;verticalAlign=middle;resizable=0;points=[];autosize=1;strokeColor=none;fillColor=none;" vertex="1" parent="WIyWlLk6GJQsqaUBKTNV-1">
          <mxGeometry x="515" y="-528" width="43" height="26" as="geometry" />
        </mxCell>
        <mxCell id="cZDlXFjxWyc9DW6ugEul-55" style="edgeStyle=orthogonalEdgeStyle;rounded=0;orthogonalLoop=1;jettySize=auto;html=1;exitX=0.5;exitY=1;exitDx=0;exitDy=0;entryX=0.5;entryY=0;entryDx=0;entryDy=0;" edge="1" parent="WIyWlLk6GJQsqaUBKTNV-1" source="cZDlXFjxWyc9DW6ugEul-51" target="cZDlXFjxWyc9DW6ugEul-54">
          <mxGeometry relative="1" as="geometry" />
        </mxCell>
        <mxCell id="cZDlXFjxWyc9DW6ugEul-51" value="Declare and Set&lt;br&gt;&lt;div&gt;beg=time(0)&lt;/div&gt;" style="rounded=0;whiteSpace=wrap;html=1;" vertex="1" parent="WIyWlLk6GJQsqaUBKTNV-1">
          <mxGeometry x="476.5" y="-409" width="91.25" height="40" as="geometry" />
        </mxCell>
        <mxCell id="cZDlXFjxWyc9DW6ugEul-58" style="edgeStyle=orthogonalEdgeStyle;rounded=0;orthogonalLoop=1;jettySize=auto;html=1;exitX=0.5;exitY=1;exitDx=0;exitDy=0;entryX=0.5;entryY=0;entryDx=0;entryDy=0;" edge="1" parent="WIyWlLk6GJQsqaUBKTNV-1" source="cZDlXFjxWyc9DW6ugEul-54" target="cZDlXFjxWyc9DW6ugEul-57">
          <mxGeometry relative="1" as="geometry" />
        </mxCell>
        <mxCell id="cZDlXFjxWyc9DW6ugEul-54" value="&lt;div&gt;crpGame&lt;/div&gt;&lt;div&gt;(wins,losses,SIZE,&lt;/div&gt;&lt;div&gt;nGames,numThrw,mxThrw&lt;br&gt;&lt;/div&gt;" style="shape=process;whiteSpace=wrap;html=1;backgroundOutline=1;" vertex="1" parent="WIyWlLk6GJQsqaUBKTNV-1">
          <mxGeometry x="426.88" y="-319" width="189.25" height="60" as="geometry" />
        </mxCell>
        <mxCell id="cZDlXFjxWyc9DW6ugEul-57" value="C" style="ellipse;whiteSpace=wrap;html=1;aspect=fixed;" vertex="1" parent="WIyWlLk6GJQsqaUBKTNV-1">
          <mxGeometry x="509.01" y="-207" width="25" height="25" as="geometry" />
        </mxCell>
        <mxCell id="cZDlXFjxWyc9DW6ugEul-65" style="edgeStyle=orthogonalEdgeStyle;rounded=0;orthogonalLoop=1;jettySize=auto;html=1;exitX=0.5;exitY=1;exitDx=0;exitDy=0;entryX=0.5;entryY=0;entryDx=0;entryDy=0;" edge="1" parent="WIyWlLk6GJQsqaUBKTNV-1" source="cZDlXFjxWyc9DW6ugEul-59" target="cZDlXFjxWyc9DW6ugEul-64">
          <mxGeometry relative="1" as="geometry" />
        </mxCell>
        <mxCell id="cZDlXFjxWyc9DW6ugEul-59" value="C" style="ellipse;whiteSpace=wrap;html=1;aspect=fixed;" vertex="1" parent="WIyWlLk6GJQsqaUBKTNV-1">
          <mxGeometry x="895" y="-758" width="25" height="25" as="geometry" />
        </mxCell>
        <mxCell id="cZDlXFjxWyc9DW6ugEul-82" style="edgeStyle=orthogonalEdgeStyle;rounded=0;orthogonalLoop=1;jettySize=auto;html=1;exitX=0.5;exitY=1;exitDx=0;exitDy=0;entryX=0.5;entryY=0;entryDx=0;entryDy=0;" edge="1" parent="WIyWlLk6GJQsqaUBKTNV-1" source="cZDlXFjxWyc9DW6ugEul-61" target="cZDlXFjxWyc9DW6ugEul-81">
          <mxGeometry relative="1" as="geometry" />
        </mxCell>
        <mxCell id="cZDlXFjxWyc9DW6ugEul-61" value="&lt;div&gt;crpGame&lt;/div&gt;&lt;div&gt;int wins[],int losses[],&lt;/div&gt;&lt;div&gt;int SIZE,int &amp;amp;nGames,&lt;/div&gt;&lt;div&gt;int &amp;amp;numThrw,int &amp;amp;maxThrw&lt;br&gt;&lt;/div&gt;" style="ellipse;whiteSpace=wrap;html=1;" vertex="1" parent="WIyWlLk6GJQsqaUBKTNV-1">
          <mxGeometry x="1218" y="-804" width="195" height="83.5" as="geometry" />
        </mxCell>
        <mxCell id="cZDlXFjxWyc9DW6ugEul-67" style="edgeStyle=orthogonalEdgeStyle;rounded=0;orthogonalLoop=1;jettySize=auto;html=1;exitX=0.5;exitY=1;exitDx=0;exitDy=0;entryX=0.5;entryY=0;entryDx=0;entryDy=0;" edge="1" parent="WIyWlLk6GJQsqaUBKTNV-1" source="cZDlXFjxWyc9DW6ugEul-64" target="cZDlXFjxWyc9DW6ugEul-66">
          <mxGeometry relative="1" as="geometry" />
        </mxCell>
        <mxCell id="cZDlXFjxWyc9DW6ugEul-64" value="Declare and Set&lt;br&gt;&lt;div&gt;end=time(0)&lt;/div&gt;" style="rounded=0;whiteSpace=wrap;html=1;" vertex="1" parent="WIyWlLk6GJQsqaUBKTNV-1">
          <mxGeometry x="861.87" y="-678" width="91.25" height="40" as="geometry" />
        </mxCell>
        <mxCell id="cZDlXFjxWyc9DW6ugEul-69" style="edgeStyle=orthogonalEdgeStyle;rounded=0;orthogonalLoop=1;jettySize=auto;html=1;exitX=0.5;exitY=1;exitDx=0;exitDy=0;entryX=0.5;entryY=0;entryDx=0;entryDy=0;" edge="1" parent="WIyWlLk6GJQsqaUBKTNV-1" source="cZDlXFjxWyc9DW6ugEul-66" target="cZDlXFjxWyc9DW6ugEul-68">
          <mxGeometry relative="1" as="geometry" />
        </mxCell>
        <mxCell id="cZDlXFjxWyc9DW6ugEul-66" value="&lt;div&gt;Output&lt;/div&gt;&lt;div&gt;Game Statistics to out&lt;br&gt;&lt;/div&gt;&lt;div&gt;end-beg&lt;br&gt;&lt;/div&gt;" style="shape=parallelogram;perimeter=parallelogramPerimeter;whiteSpace=wrap;html=1;fixedSize=1;" vertex="1" parent="WIyWlLk6GJQsqaUBKTNV-1">
          <mxGeometry x="835.25" y="-595" width="144.49" height="60" as="geometry" />
        </mxCell>
        <mxCell id="cZDlXFjxWyc9DW6ugEul-74" style="edgeStyle=orthogonalEdgeStyle;rounded=0;orthogonalLoop=1;jettySize=auto;html=1;exitX=0.5;exitY=1;exitDx=0;exitDy=0;entryX=0.5;entryY=0;entryDx=0;entryDy=0;" edge="1" parent="WIyWlLk6GJQsqaUBKTNV-1" source="cZDlXFjxWyc9DW6ugEul-68" target="cZDlXFjxWyc9DW6ugEul-71">
          <mxGeometry relative="1" as="geometry" />
        </mxCell>
        <mxCell id="cZDlXFjxWyc9DW6ugEul-68" value="&lt;div&gt;scrnDsp&lt;/div&gt;&lt;div&gt;(wins,losses,SIZE,&lt;/div&gt;&lt;div&gt;nGames,numThrw,mxThrw)&lt;br&gt;&lt;/div&gt;" style="shape=process;whiteSpace=wrap;html=1;backgroundOutline=1;" vertex="1" parent="WIyWlLk6GJQsqaUBKTNV-1">
          <mxGeometry x="811.99" y="-498" width="191" height="60" as="geometry" />
        </mxCell>
        <mxCell id="cZDlXFjxWyc9DW6ugEul-138" style="edgeStyle=orthogonalEdgeStyle;rounded=0;orthogonalLoop=1;jettySize=auto;html=1;exitX=0.5;exitY=1;exitDx=0;exitDy=0;entryX=0.5;entryY=0;entryDx=0;entryDy=0;" edge="1" parent="WIyWlLk6GJQsqaUBKTNV-1" source="cZDlXFjxWyc9DW6ugEul-70" target="cZDlXFjxWyc9DW6ugEul-137">
          <mxGeometry relative="1" as="geometry" />
        </mxCell>
        <mxCell id="cZDlXFjxWyc9DW6ugEul-70" value="&lt;div&gt;scrnDsp&lt;/div&gt;&lt;div&gt;int wins[], int losses[],&lt;/div&gt;&lt;div&gt;int SIZE,int nGames,&lt;/div&gt;&lt;div&gt;int numThrw, intmxThrw&lt;br&gt;&lt;/div&gt;" style="ellipse;whiteSpace=wrap;html=1;" vertex="1" parent="WIyWlLk6GJQsqaUBKTNV-1">
          <mxGeometry x="2390.75" y="-783" width="155" height="89.5" as="geometry" />
        </mxCell>
        <mxCell id="cZDlXFjxWyc9DW6ugEul-75" style="edgeStyle=orthogonalEdgeStyle;rounded=0;orthogonalLoop=1;jettySize=auto;html=1;exitX=0.5;exitY=1;exitDx=0;exitDy=0;entryX=0.5;entryY=0;entryDx=0;entryDy=0;" edge="1" parent="WIyWlLk6GJQsqaUBKTNV-1" source="cZDlXFjxWyc9DW6ugEul-71" target="cZDlXFjxWyc9DW6ugEul-73">
          <mxGeometry relative="1" as="geometry" />
        </mxCell>
        <mxCell id="cZDlXFjxWyc9DW6ugEul-71" value="&lt;div&gt;Output&lt;/div&gt;&lt;div&gt;Game Statistics to out&lt;br&gt;&lt;/div&gt;&lt;div&gt;end-beg&lt;br&gt;&lt;/div&gt;" style="shape=parallelogram;perimeter=parallelogramPerimeter;whiteSpace=wrap;html=1;fixedSize=1;" vertex="1" parent="WIyWlLk6GJQsqaUBKTNV-1">
          <mxGeometry x="835.25" y="-409" width="144.49" height="60" as="geometry" />
        </mxCell>
        <mxCell id="cZDlXFjxWyc9DW6ugEul-77" style="edgeStyle=orthogonalEdgeStyle;rounded=0;orthogonalLoop=1;jettySize=auto;html=1;exitX=0.5;exitY=1;exitDx=0;exitDy=0;entryX=0.5;entryY=0;entryDx=0;entryDy=0;" edge="1" parent="WIyWlLk6GJQsqaUBKTNV-1" source="cZDlXFjxWyc9DW6ugEul-73" target="cZDlXFjxWyc9DW6ugEul-76">
          <mxGeometry relative="1" as="geometry" />
        </mxCell>
        <mxCell id="cZDlXFjxWyc9DW6ugEul-73" value="&lt;div&gt;fileDsp&lt;/div&gt;&lt;div&gt;(out,wins,losses,SIZE,&lt;/div&gt;&lt;div&gt;nGames,numThrw,mxThrw)&lt;br&gt;&lt;/div&gt;" style="shape=process;whiteSpace=wrap;html=1;backgroundOutline=1;" vertex="1" parent="WIyWlLk6GJQsqaUBKTNV-1">
          <mxGeometry x="811.99" y="-319" width="191" height="60" as="geometry" />
        </mxCell>
        <mxCell id="cZDlXFjxWyc9DW6ugEul-79" style="edgeStyle=orthogonalEdgeStyle;rounded=0;orthogonalLoop=1;jettySize=auto;html=1;exitX=0.5;exitY=1;exitDx=0;exitDy=0;entryX=0.5;entryY=0;entryDx=0;entryDy=0;" edge="1" parent="WIyWlLk6GJQsqaUBKTNV-1" source="cZDlXFjxWyc9DW6ugEul-76" target="cZDlXFjxWyc9DW6ugEul-78">
          <mxGeometry relative="1" as="geometry" />
        </mxCell>
        <mxCell id="cZDlXFjxWyc9DW6ugEul-76" value="&lt;div&gt;Close Files&lt;/div&gt;&lt;div&gt;in.close()&lt;/div&gt;&lt;div&gt;out.close()&lt;br&gt;&lt;/div&gt;" style="rounded=0;whiteSpace=wrap;html=1;" vertex="1" parent="WIyWlLk6GJQsqaUBKTNV-1">
          <mxGeometry x="859.24" y="-234" width="96.51" height="45" as="geometry" />
        </mxCell>
        <mxCell id="cZDlXFjxWyc9DW6ugEul-78" value="return from Game of Craps" style="ellipse;whiteSpace=wrap;html=1;" vertex="1" parent="WIyWlLk6GJQsqaUBKTNV-1">
          <mxGeometry x="854.74" y="-161" width="105.5" height="52" as="geometry" />
        </mxCell>
        <mxCell id="cZDlXFjxWyc9DW6ugEul-83" style="edgeStyle=orthogonalEdgeStyle;rounded=0;orthogonalLoop=1;jettySize=auto;html=1;exitX=1;exitY=0.5;exitDx=0;exitDy=0;entryX=0.5;entryY=0;entryDx=0;entryDy=0;" edge="1" parent="WIyWlLk6GJQsqaUBKTNV-1" source="cZDlXFjxWyc9DW6ugEul-81" target="cZDlXFjxWyc9DW6ugEul-81">
          <mxGeometry relative="1" as="geometry">
            <mxPoint x="1443.1481481481478" y="-645.962962962963" as="targetPoint" />
            <Array as="points">
              <mxPoint x="1421" y="-646" />
              <mxPoint x="1421" y="-708" />
              <mxPoint x="1316" y="-708" />
            </Array>
          </mxGeometry>
        </mxCell>
        <mxCell id="cZDlXFjxWyc9DW6ugEul-87" style="edgeStyle=orthogonalEdgeStyle;rounded=0;orthogonalLoop=1;jettySize=auto;html=1;exitX=0.5;exitY=1;exitDx=0;exitDy=0;entryX=0.5;entryY=0;entryDx=0;entryDy=0;" edge="1" parent="WIyWlLk6GJQsqaUBKTNV-1" source="cZDlXFjxWyc9DW6ugEul-81" target="cZDlXFjxWyc9DW6ugEul-85">
          <mxGeometry relative="1" as="geometry" />
        </mxCell>
        <mxCell id="cZDlXFjxWyc9DW6ugEul-81" value="&lt;div&gt;int game=1&lt;/div&gt;&lt;div&gt;game&amp;lt;=nGames&lt;/div&gt;&lt;div&gt;game++&lt;br&gt;&lt;/div&gt;" style="rhombus;whiteSpace=wrap;html=1;" vertex="1" parent="WIyWlLk6GJQsqaUBKTNV-1">
          <mxGeometry x="1254.75" y="-686" width="121.5" height="80" as="geometry" />
        </mxCell>
        <mxCell id="cZDlXFjxWyc9DW6ugEul-84" value="true" style="text;html=1;align=center;verticalAlign=middle;resizable=0;points=[];autosize=1;strokeColor=none;fillColor=none;" vertex="1" parent="WIyWlLk6GJQsqaUBKTNV-1">
          <mxGeometry x="1378" y="-667" width="39" height="26" as="geometry" />
        </mxCell>
        <mxCell id="cZDlXFjxWyc9DW6ugEul-88" style="edgeStyle=orthogonalEdgeStyle;rounded=0;orthogonalLoop=1;jettySize=auto;html=1;exitX=0.5;exitY=1;exitDx=0;exitDy=0;entryX=0.5;entryY=0;entryDx=0;entryDy=0;" edge="1" parent="WIyWlLk6GJQsqaUBKTNV-1" source="cZDlXFjxWyc9DW6ugEul-85" target="cZDlXFjxWyc9DW6ugEul-86">
          <mxGeometry relative="1" as="geometry" />
        </mxCell>
        <mxCell id="cZDlXFjxWyc9DW6ugEul-85" value="&lt;div&gt;Declare and Set&lt;/div&gt;&lt;div&gt;gmThrw=1&lt;/div&gt;" style="rounded=0;whiteSpace=wrap;html=1;" vertex="1" parent="WIyWlLk6GJQsqaUBKTNV-1">
          <mxGeometry x="1271.75" y="-577.5" width="87.5" height="35" as="geometry" />
        </mxCell>
        <mxCell id="cZDlXFjxWyc9DW6ugEul-90" style="edgeStyle=orthogonalEdgeStyle;rounded=0;orthogonalLoop=1;jettySize=auto;html=1;exitX=0.5;exitY=1;exitDx=0;exitDy=0;entryX=0.5;entryY=0;entryDx=0;entryDy=0;" edge="1" parent="WIyWlLk6GJQsqaUBKTNV-1" source="cZDlXFjxWyc9DW6ugEul-86" target="cZDlXFjxWyc9DW6ugEul-89">
          <mxGeometry relative="1" as="geometry" />
        </mxCell>
        <mxCell id="cZDlXFjxWyc9DW6ugEul-86" value="sum1=rollDie(6)" style="shape=process;whiteSpace=wrap;html=1;backgroundOutline=1;" vertex="1" parent="WIyWlLk6GJQsqaUBKTNV-1">
          <mxGeometry x="1259.25" y="-506" width="112.5" height="20" as="geometry" />
        </mxCell>
        <mxCell id="cZDlXFjxWyc9DW6ugEul-93" style="edgeStyle=orthogonalEdgeStyle;rounded=0;orthogonalLoop=1;jettySize=auto;html=1;exitX=1;exitY=0.5;exitDx=0;exitDy=0;entryX=0;entryY=0.5;entryDx=0;entryDy=0;" edge="1" parent="WIyWlLk6GJQsqaUBKTNV-1" source="cZDlXFjxWyc9DW6ugEul-89" target="cZDlXFjxWyc9DW6ugEul-91">
          <mxGeometry relative="1" as="geometry" />
        </mxCell>
        <mxCell id="cZDlXFjxWyc9DW6ugEul-96" style="edgeStyle=orthogonalEdgeStyle;rounded=0;orthogonalLoop=1;jettySize=auto;html=1;exitX=0.5;exitY=1;exitDx=0;exitDy=0;entryX=0.5;entryY=0;entryDx=0;entryDy=0;" edge="1" parent="WIyWlLk6GJQsqaUBKTNV-1" source="cZDlXFjxWyc9DW6ugEul-89" target="cZDlXFjxWyc9DW6ugEul-95">
          <mxGeometry relative="1" as="geometry" />
        </mxCell>
        <mxCell id="cZDlXFjxWyc9DW6ugEul-89" value="sum=7,11" style="rhombus;whiteSpace=wrap;html=1;" vertex="1" parent="WIyWlLk6GJQsqaUBKTNV-1">
          <mxGeometry x="1273" y="-454" width="85" height="50" as="geometry" />
        </mxCell>
        <mxCell id="cZDlXFjxWyc9DW6ugEul-100" style="edgeStyle=orthogonalEdgeStyle;rounded=0;orthogonalLoop=1;jettySize=auto;html=1;exitX=0.5;exitY=1;exitDx=0;exitDy=0;entryX=0.5;entryY=0;entryDx=0;entryDy=0;" edge="1" parent="WIyWlLk6GJQsqaUBKTNV-1" source="cZDlXFjxWyc9DW6ugEul-91" target="cZDlXFjxWyc9DW6ugEul-99">
          <mxGeometry relative="1" as="geometry" />
        </mxCell>
        <mxCell id="cZDlXFjxWyc9DW6ugEul-107" style="edgeStyle=orthogonalEdgeStyle;rounded=0;orthogonalLoop=1;jettySize=auto;html=1;exitX=1;exitY=0.5;exitDx=0;exitDy=0;entryX=0.5;entryY=1;entryDx=0;entryDy=0;" edge="1" parent="WIyWlLk6GJQsqaUBKTNV-1" source="cZDlXFjxWyc9DW6ugEul-91" target="cZDlXFjxWyc9DW6ugEul-106">
          <mxGeometry relative="1" as="geometry" />
        </mxCell>
        <mxCell id="cZDlXFjxWyc9DW6ugEul-91" value="sum=2,3,12" style="rhombus;whiteSpace=wrap;html=1;" vertex="1" parent="WIyWlLk6GJQsqaUBKTNV-1">
          <mxGeometry x="1430" y="-454" width="85" height="50" as="geometry" />
        </mxCell>
        <mxCell id="cZDlXFjxWyc9DW6ugEul-94" value="false" style="text;html=1;align=center;verticalAlign=middle;resizable=0;points=[];autosize=1;strokeColor=none;fillColor=none;" vertex="1" parent="WIyWlLk6GJQsqaUBKTNV-1">
          <mxGeometry x="1367" y="-450" width="43" height="26" as="geometry" />
        </mxCell>
        <mxCell id="cZDlXFjxWyc9DW6ugEul-102" style="edgeStyle=orthogonalEdgeStyle;rounded=0;orthogonalLoop=1;jettySize=auto;html=1;exitX=1;exitY=0.5;exitDx=0;exitDy=0;entryX=0;entryY=0.5;entryDx=0;entryDy=0;" edge="1" parent="WIyWlLk6GJQsqaUBKTNV-1" source="cZDlXFjxWyc9DW6ugEul-95" target="cZDlXFjxWyc9DW6ugEul-97">
          <mxGeometry relative="1" as="geometry" />
        </mxCell>
        <mxCell id="cZDlXFjxWyc9DW6ugEul-95" value="wins++" style="rounded=0;whiteSpace=wrap;html=1;" vertex="1" parent="WIyWlLk6GJQsqaUBKTNV-1">
          <mxGeometry x="1295.5" y="-377" width="40" height="20" as="geometry" />
        </mxCell>
        <mxCell id="cZDlXFjxWyc9DW6ugEul-97" value="break" style="rounded=0;whiteSpace=wrap;html=1;" vertex="1" parent="WIyWlLk6GJQsqaUBKTNV-1">
          <mxGeometry x="1371" y="-377" width="35" height="20" as="geometry" />
        </mxCell>
        <mxCell id="cZDlXFjxWyc9DW6ugEul-101" style="edgeStyle=orthogonalEdgeStyle;rounded=0;orthogonalLoop=1;jettySize=auto;html=1;exitX=0;exitY=0.5;exitDx=0;exitDy=0;entryX=1;entryY=0.5;entryDx=0;entryDy=0;" edge="1" parent="WIyWlLk6GJQsqaUBKTNV-1" source="cZDlXFjxWyc9DW6ugEul-99" target="cZDlXFjxWyc9DW6ugEul-97">
          <mxGeometry relative="1" as="geometry" />
        </mxCell>
        <mxCell id="cZDlXFjxWyc9DW6ugEul-99" value="losses++" style="rounded=0;whiteSpace=wrap;html=1;" vertex="1" parent="WIyWlLk6GJQsqaUBKTNV-1">
          <mxGeometry x="1447.5" y="-377" width="50" height="20" as="geometry" />
        </mxCell>
        <mxCell id="cZDlXFjxWyc9DW6ugEul-103" value="true" style="text;html=1;align=center;verticalAlign=middle;resizable=0;points=[];autosize=1;strokeColor=none;fillColor=none;" vertex="1" parent="WIyWlLk6GJQsqaUBKTNV-1">
          <mxGeometry x="1307" y="-407" width="39" height="26" as="geometry" />
        </mxCell>
        <mxCell id="cZDlXFjxWyc9DW6ugEul-105" value="true" style="text;html=1;align=center;verticalAlign=middle;resizable=0;points=[];autosize=1;strokeColor=none;fillColor=none;" vertex="1" parent="WIyWlLk6GJQsqaUBKTNV-1">
          <mxGeometry x="1464" y="-407" width="39" height="26" as="geometry" />
        </mxCell>
        <mxCell id="cZDlXFjxWyc9DW6ugEul-112" style="edgeStyle=orthogonalEdgeStyle;rounded=0;orthogonalLoop=1;jettySize=auto;html=1;exitX=0.5;exitY=0;exitDx=0;exitDy=0;entryX=0.5;entryY=1;entryDx=0;entryDy=0;" edge="1" parent="WIyWlLk6GJQsqaUBKTNV-1" source="cZDlXFjxWyc9DW6ugEul-106" target="cZDlXFjxWyc9DW6ugEul-111">
          <mxGeometry relative="1" as="geometry" />
        </mxCell>
        <mxCell id="cZDlXFjxWyc9DW6ugEul-106" value="&lt;div&gt;Declare and Set&lt;br&gt;&lt;/div&gt;&lt;div&gt;thrwAgn=true&lt;/div&gt;" style="rounded=0;whiteSpace=wrap;html=1;" vertex="1" parent="WIyWlLk6GJQsqaUBKTNV-1">
          <mxGeometry x="1533" y="-516" width="90" height="30" as="geometry" />
        </mxCell>
        <mxCell id="cZDlXFjxWyc9DW6ugEul-108" value="false" style="text;html=1;align=center;verticalAlign=middle;resizable=0;points=[];autosize=1;strokeColor=none;fillColor=none;" vertex="1" parent="WIyWlLk6GJQsqaUBKTNV-1">
          <mxGeometry x="1522" y="-450" width="43" height="26" as="geometry" />
        </mxCell>
        <mxCell id="cZDlXFjxWyc9DW6ugEul-117" style="edgeStyle=orthogonalEdgeStyle;rounded=0;orthogonalLoop=1;jettySize=auto;html=1;exitX=1;exitY=0.5;exitDx=0;exitDy=0;entryX=0;entryY=0.5;entryDx=0;entryDy=0;" edge="1" parent="WIyWlLk6GJQsqaUBKTNV-1" source="cZDlXFjxWyc9DW6ugEul-114" target="cZDlXFjxWyc9DW6ugEul-116">
          <mxGeometry relative="1" as="geometry" />
        </mxCell>
        <mxCell id="cZDlXFjxWyc9DW6ugEul-122" style="edgeStyle=orthogonalEdgeStyle;rounded=0;orthogonalLoop=1;jettySize=auto;html=1;exitX=0.5;exitY=0;exitDx=0;exitDy=0;entryX=0.5;entryY=1;entryDx=0;entryDy=0;" edge="1" parent="WIyWlLk6GJQsqaUBKTNV-1" source="cZDlXFjxWyc9DW6ugEul-114" target="cZDlXFjxWyc9DW6ugEul-121">
          <mxGeometry relative="1" as="geometry" />
        </mxCell>
        <mxCell id="cZDlXFjxWyc9DW6ugEul-114" value="sum2==7" style="rhombus;whiteSpace=wrap;html=1;" vertex="1" parent="WIyWlLk6GJQsqaUBKTNV-1">
          <mxGeometry x="1540.5" y="-675" width="75" height="50" as="geometry" />
        </mxCell>
        <mxCell id="cZDlXFjxWyc9DW6ugEul-119" style="edgeStyle=orthogonalEdgeStyle;rounded=0;orthogonalLoop=1;jettySize=auto;html=1;exitX=0.5;exitY=1;exitDx=0;exitDy=0;entryX=0.5;entryY=1;entryDx=0;entryDy=0;" edge="1" parent="WIyWlLk6GJQsqaUBKTNV-1" source="cZDlXFjxWyc9DW6ugEul-116" target="cZDlXFjxWyc9DW6ugEul-111">
          <mxGeometry relative="1" as="geometry">
            <Array as="points">
              <mxPoint x="1724" y="-543" />
              <mxPoint x="1578" y="-543" />
            </Array>
          </mxGeometry>
        </mxCell>
        <mxCell id="cZDlXFjxWyc9DW6ugEul-124" style="edgeStyle=orthogonalEdgeStyle;rounded=0;orthogonalLoop=1;jettySize=auto;html=1;exitX=0.5;exitY=0;exitDx=0;exitDy=0;entryX=0.5;entryY=1;entryDx=0;entryDy=0;" edge="1" parent="WIyWlLk6GJQsqaUBKTNV-1" source="cZDlXFjxWyc9DW6ugEul-116" target="cZDlXFjxWyc9DW6ugEul-123">
          <mxGeometry relative="1" as="geometry" />
        </mxCell>
        <mxCell id="cZDlXFjxWyc9DW6ugEul-116" value="sum2==sum1" style="rhombus;whiteSpace=wrap;html=1;" vertex="1" parent="WIyWlLk6GJQsqaUBKTNV-1">
          <mxGeometry x="1679" y="-677.5" width="90" height="55" as="geometry" />
        </mxCell>
        <mxCell id="cZDlXFjxWyc9DW6ugEul-118" value="false" style="text;html=1;align=center;verticalAlign=middle;resizable=0;points=[];autosize=1;strokeColor=none;fillColor=none;" vertex="1" parent="WIyWlLk6GJQsqaUBKTNV-1">
          <mxGeometry x="1621" y="-670" width="43" height="26" as="geometry" />
        </mxCell>
        <mxCell id="cZDlXFjxWyc9DW6ugEul-120" value="false" style="text;html=1;align=center;verticalAlign=middle;resizable=0;points=[];autosize=1;strokeColor=none;fillColor=none;" vertex="1" parent="WIyWlLk6GJQsqaUBKTNV-1">
          <mxGeometry x="1675" y="-563.5" width="43" height="26" as="geometry" />
        </mxCell>
        <mxCell id="cZDlXFjxWyc9DW6ugEul-130" style="edgeStyle=orthogonalEdgeStyle;rounded=0;orthogonalLoop=1;jettySize=auto;html=1;exitX=0.5;exitY=0;exitDx=0;exitDy=0;entryX=0.5;entryY=0;entryDx=0;entryDy=0;" edge="1" parent="WIyWlLk6GJQsqaUBKTNV-1" source="cZDlXFjxWyc9DW6ugEul-121" target="cZDlXFjxWyc9DW6ugEul-125">
          <mxGeometry relative="1" as="geometry" />
        </mxCell>
        <mxCell id="cZDlXFjxWyc9DW6ugEul-121" value="&lt;div&gt;losses[sum1]++&lt;/div&gt;" style="rounded=0;whiteSpace=wrap;html=1;" vertex="1" parent="WIyWlLk6GJQsqaUBKTNV-1">
          <mxGeometry x="1530.5" y="-746" width="95" height="30" as="geometry" />
        </mxCell>
        <mxCell id="cZDlXFjxWyc9DW6ugEul-131" style="edgeStyle=orthogonalEdgeStyle;rounded=0;orthogonalLoop=1;jettySize=auto;html=1;exitX=0.5;exitY=0;exitDx=0;exitDy=0;entryX=0.5;entryY=0;entryDx=0;entryDy=0;" edge="1" parent="WIyWlLk6GJQsqaUBKTNV-1" source="cZDlXFjxWyc9DW6ugEul-123" target="cZDlXFjxWyc9DW6ugEul-125">
          <mxGeometry relative="1" as="geometry" />
        </mxCell>
        <mxCell id="cZDlXFjxWyc9DW6ugEul-123" value="&lt;div&gt;wins[sum1]++&lt;/div&gt;" style="rounded=0;whiteSpace=wrap;html=1;" vertex="1" parent="WIyWlLk6GJQsqaUBKTNV-1">
          <mxGeometry x="1676.5" y="-746" width="95" height="30" as="geometry" />
        </mxCell>
        <mxCell id="cZDlXFjxWyc9DW6ugEul-133" style="edgeStyle=orthogonalEdgeStyle;rounded=0;orthogonalLoop=1;jettySize=auto;html=1;exitX=0.5;exitY=1;exitDx=0;exitDy=0;entryX=0.5;entryY=0;entryDx=0;entryDy=0;" edge="1" parent="WIyWlLk6GJQsqaUBKTNV-1" source="cZDlXFjxWyc9DW6ugEul-125" target="cZDlXFjxWyc9DW6ugEul-132">
          <mxGeometry relative="1" as="geometry" />
        </mxCell>
        <mxCell id="cZDlXFjxWyc9DW6ugEul-125" value="thrwAgn=false" style="rounded=0;whiteSpace=wrap;html=1;" vertex="1" parent="WIyWlLk6GJQsqaUBKTNV-1">
          <mxGeometry x="1812" y="-743.5" width="80" height="25" as="geometry" />
        </mxCell>
        <mxCell id="cZDlXFjxWyc9DW6ugEul-128" value="true" style="text;html=1;align=center;verticalAlign=middle;resizable=0;points=[];autosize=1;strokeColor=none;fillColor=none;" vertex="1" parent="WIyWlLk6GJQsqaUBKTNV-1">
          <mxGeometry x="1571" y="-708" width="39" height="26" as="geometry" />
        </mxCell>
        <mxCell id="cZDlXFjxWyc9DW6ugEul-129" value="true" style="text;html=1;align=center;verticalAlign=middle;resizable=0;points=[];autosize=1;strokeColor=none;fillColor=none;" vertex="1" parent="WIyWlLk6GJQsqaUBKTNV-1">
          <mxGeometry x="1717" y="-708" width="39" height="26" as="geometry" />
        </mxCell>
        <mxCell id="cZDlXFjxWyc9DW6ugEul-135" style="edgeStyle=orthogonalEdgeStyle;rounded=0;orthogonalLoop=1;jettySize=auto;html=1;exitX=0.5;exitY=1;exitDx=0;exitDy=0;entryX=0.5;entryY=0;entryDx=0;entryDy=0;" edge="1" parent="WIyWlLk6GJQsqaUBKTNV-1" source="cZDlXFjxWyc9DW6ugEul-132" target="cZDlXFjxWyc9DW6ugEul-134">
          <mxGeometry relative="1" as="geometry" />
        </mxCell>
        <mxCell id="cZDlXFjxWyc9DW6ugEul-132" value="numThrw+=gmThrw" style="rounded=0;whiteSpace=wrap;html=1;" vertex="1" parent="WIyWlLk6GJQsqaUBKTNV-1">
          <mxGeometry x="1796.5" y="-662" width="111" height="24" as="geometry" />
        </mxCell>
        <mxCell id="cZDlXFjxWyc9DW6ugEul-134" value="&lt;div&gt;if(mxThrw&amp;lt;gmThrw)&lt;/div&gt;&lt;div&gt;mxThrw=gmThrw&lt;br&gt;&lt;/div&gt;" style="rhombus;whiteSpace=wrap;html=1;" vertex="1" parent="WIyWlLk6GJQsqaUBKTNV-1">
          <mxGeometry x="1777" y="-602.5" width="150" height="85" as="geometry" />
        </mxCell>
        <mxCell id="cZDlXFjxWyc9DW6ugEul-190" style="edgeStyle=orthogonalEdgeStyle;rounded=0;orthogonalLoop=1;jettySize=auto;html=1;exitX=0.5;exitY=1;exitDx=0;exitDy=0;entryX=0.5;entryY=0;entryDx=0;entryDy=0;" edge="1" parent="WIyWlLk6GJQsqaUBKTNV-1" source="cZDlXFjxWyc9DW6ugEul-136" target="cZDlXFjxWyc9DW6ugEul-189">
          <mxGeometry relative="1" as="geometry" />
        </mxCell>
        <mxCell id="cZDlXFjxWyc9DW6ugEul-136" value="&lt;div&gt;rollDie&lt;/div&gt;int sides" style="ellipse;whiteSpace=wrap;html=1;" vertex="1" parent="WIyWlLk6GJQsqaUBKTNV-1">
          <mxGeometry x="2000.5" y="-416" width="75" height="50" as="geometry" />
        </mxCell>
        <mxCell id="cZDlXFjxWyc9DW6ugEul-140" style="edgeStyle=orthogonalEdgeStyle;rounded=0;orthogonalLoop=1;jettySize=auto;html=1;exitX=0.5;exitY=1;exitDx=0;exitDy=0;entryX=0.5;entryY=0;entryDx=0;entryDy=0;" edge="1" parent="WIyWlLk6GJQsqaUBKTNV-1" source="cZDlXFjxWyc9DW6ugEul-137" target="cZDlXFjxWyc9DW6ugEul-139">
          <mxGeometry relative="1" as="geometry" />
        </mxCell>
        <mxCell id="cZDlXFjxWyc9DW6ugEul-137" value="fixed&amp;lt;&amp;lt;setprecision(2)&amp;lt;&amp;lt;showpoint" style="rounded=0;whiteSpace=wrap;html=1;" vertex="1" parent="WIyWlLk6GJQsqaUBKTNV-1">
          <mxGeometry x="2370.25" y="-657" width="196" height="20" as="geometry" />
        </mxCell>
        <mxCell id="cZDlXFjxWyc9DW6ugEul-144" style="edgeStyle=orthogonalEdgeStyle;rounded=0;orthogonalLoop=1;jettySize=auto;html=1;exitX=0.5;exitY=1;exitDx=0;exitDy=0;entryX=0.5;entryY=0;entryDx=0;entryDy=0;" edge="1" parent="WIyWlLk6GJQsqaUBKTNV-1" source="cZDlXFjxWyc9DW6ugEul-139" target="cZDlXFjxWyc9DW6ugEul-142">
          <mxGeometry relative="1" as="geometry" />
        </mxCell>
        <mxCell id="cZDlXFjxWyc9DW6ugEul-139" value="&lt;div&gt;Output&lt;/div&gt;&lt;div&gt;nGames&lt;/div&gt;&lt;div&gt;Roll,Wins,Losses&lt;br&gt;&lt;/div&gt;" style="shape=parallelogram;perimeter=parallelogramPerimeter;whiteSpace=wrap;html=1;fixedSize=1;" vertex="1" parent="WIyWlLk6GJQsqaUBKTNV-1">
          <mxGeometry x="2404.75" y="-600" width="127" height="60" as="geometry" />
        </mxCell>
        <mxCell id="cZDlXFjxWyc9DW6ugEul-149" style="edgeStyle=orthogonalEdgeStyle;rounded=0;orthogonalLoop=1;jettySize=auto;html=1;exitX=0.5;exitY=1;exitDx=0;exitDy=0;entryX=0.5;entryY=0;entryDx=0;entryDy=0;" edge="1" parent="WIyWlLk6GJQsqaUBKTNV-1" source="cZDlXFjxWyc9DW6ugEul-141" target="cZDlXFjxWyc9DW6ugEul-148">
          <mxGeometry relative="1" as="geometry" />
        </mxCell>
        <mxCell id="cZDlXFjxWyc9DW6ugEul-141" value="&lt;div&gt;sWins+=wins[sum]&lt;/div&gt;&lt;div&gt;sLosses+=losses[sum]&lt;/div&gt;" style="rounded=0;whiteSpace=wrap;html=1;" vertex="1" parent="WIyWlLk6GJQsqaUBKTNV-1">
          <mxGeometry x="2405.5" y="-395.5" width="125.5" height="35.5" as="geometry" />
        </mxCell>
        <mxCell id="cZDlXFjxWyc9DW6ugEul-146" style="edgeStyle=orthogonalEdgeStyle;rounded=0;orthogonalLoop=1;jettySize=auto;html=1;exitX=0.5;exitY=1;exitDx=0;exitDy=0;entryX=0.5;entryY=0;entryDx=0;entryDy=0;" edge="1" parent="WIyWlLk6GJQsqaUBKTNV-1" source="cZDlXFjxWyc9DW6ugEul-142" target="cZDlXFjxWyc9DW6ugEul-141">
          <mxGeometry relative="1" as="geometry" />
        </mxCell>
        <mxCell id="cZDlXFjxWyc9DW6ugEul-142" value="&lt;div&gt;int sum=2&lt;/div&gt;&lt;div&gt;sum&amp;lt;SIZE&lt;/div&gt;&lt;div&gt;sum++&lt;br&gt;&lt;/div&gt;" style="rhombus;whiteSpace=wrap;html=1;" vertex="1" parent="WIyWlLk6GJQsqaUBKTNV-1">
          <mxGeometry x="2412.5" y="-509" width="111.5" height="80" as="geometry" />
        </mxCell>
        <mxCell id="cZDlXFjxWyc9DW6ugEul-143" style="edgeStyle=orthogonalEdgeStyle;rounded=0;orthogonalLoop=1;jettySize=auto;html=1;exitX=1;exitY=0.5;exitDx=0;exitDy=0;entryX=0.5;entryY=0;entryDx=0;entryDy=0;" edge="1" parent="WIyWlLk6GJQsqaUBKTNV-1" source="cZDlXFjxWyc9DW6ugEul-142" target="cZDlXFjxWyc9DW6ugEul-142">
          <mxGeometry relative="1" as="geometry">
            <Array as="points">
              <mxPoint x="2567.75" y="-469" />
              <mxPoint x="2567.75" y="-527" />
              <mxPoint x="2468.75" y="-527" />
            </Array>
          </mxGeometry>
        </mxCell>
        <mxCell id="cZDlXFjxWyc9DW6ugEul-145" value="true" style="text;html=1;align=center;verticalAlign=middle;resizable=0;points=[];autosize=1;strokeColor=none;fillColor=none;" vertex="1" parent="WIyWlLk6GJQsqaUBKTNV-1">
          <mxGeometry x="2524.75" y="-489" width="39" height="26" as="geometry" />
        </mxCell>
        <mxCell id="cZDlXFjxWyc9DW6ugEul-148" value="&lt;div&gt;Output&lt;/div&gt;&lt;div&gt;sWins+sLosses&lt;/div&gt;&lt;div&gt;sWins/nGames*PERCENT&lt;/div&gt;&lt;div&gt;sLosses/nGames*PERCENT&lt;/div&gt;&lt;div&gt;mxThrw&lt;/div&gt;&lt;div&gt;numThrw/nGames&lt;/div&gt;&lt;div&gt;log10(mxThrw)&lt;br&gt;&lt;/div&gt;" style="shape=parallelogram;perimeter=parallelogramPerimeter;whiteSpace=wrap;html=1;fixedSize=1;" vertex="1" parent="WIyWlLk6GJQsqaUBKTNV-1">
          <mxGeometry x="2368" y="-332" width="200.5" height="105" as="geometry" />
        </mxCell>
        <mxCell id="cZDlXFjxWyc9DW6ugEul-176" style="edgeStyle=orthogonalEdgeStyle;rounded=0;orthogonalLoop=1;jettySize=auto;html=1;exitX=0.5;exitY=1;exitDx=0;exitDy=0;entryX=0.5;entryY=0;entryDx=0;entryDy=0;" edge="1" parent="WIyWlLk6GJQsqaUBKTNV-1" source="cZDlXFjxWyc9DW6ugEul-177" target="cZDlXFjxWyc9DW6ugEul-179">
          <mxGeometry relative="1" as="geometry" />
        </mxCell>
        <mxCell id="cZDlXFjxWyc9DW6ugEul-177" value="&lt;div&gt;fileDsp&lt;/div&gt;&lt;div&gt;ofstream &amp;amp;out,&lt;/div&gt;&lt;div&gt;int wins[], int losses[],&lt;/div&gt;&lt;div&gt;int SIZE, int nGames&lt;/div&gt;&lt;div&gt;int numThrw, int mxThrw&lt;br&gt;&lt;/div&gt;" style="ellipse;whiteSpace=wrap;html=1;" vertex="1" parent="WIyWlLk6GJQsqaUBKTNV-1">
          <mxGeometry x="2701.88" y="-798.5" width="160.75" height="120.5" as="geometry" />
        </mxCell>
        <mxCell id="cZDlXFjxWyc9DW6ugEul-178" style="edgeStyle=orthogonalEdgeStyle;rounded=0;orthogonalLoop=1;jettySize=auto;html=1;exitX=0.5;exitY=1;exitDx=0;exitDy=0;entryX=0.5;entryY=0;entryDx=0;entryDy=0;" edge="1" parent="WIyWlLk6GJQsqaUBKTNV-1" source="cZDlXFjxWyc9DW6ugEul-179" target="cZDlXFjxWyc9DW6ugEul-181">
          <mxGeometry relative="1" as="geometry" />
        </mxCell>
        <mxCell id="cZDlXFjxWyc9DW6ugEul-179" value="fixed&amp;lt;&amp;lt;setprecision(2)&amp;lt;&amp;lt;showpoint" style="rounded=0;whiteSpace=wrap;html=1;" vertex="1" parent="WIyWlLk6GJQsqaUBKTNV-1">
          <mxGeometry x="2684.25" y="-657" width="196" height="20" as="geometry" />
        </mxCell>
        <mxCell id="cZDlXFjxWyc9DW6ugEul-180" style="edgeStyle=orthogonalEdgeStyle;rounded=0;orthogonalLoop=1;jettySize=auto;html=1;exitX=0.5;exitY=1;exitDx=0;exitDy=0;entryX=0.5;entryY=0;entryDx=0;entryDy=0;" edge="1" parent="WIyWlLk6GJQsqaUBKTNV-1" source="cZDlXFjxWyc9DW6ugEul-181" target="cZDlXFjxWyc9DW6ugEul-185">
          <mxGeometry relative="1" as="geometry" />
        </mxCell>
        <mxCell id="cZDlXFjxWyc9DW6ugEul-181" value="&lt;div&gt;Output&lt;/div&gt;&lt;div&gt;nGames&lt;/div&gt;&lt;div&gt;Roll,Wins,Losses&lt;br&gt;&lt;/div&gt;" style="shape=parallelogram;perimeter=parallelogramPerimeter;whiteSpace=wrap;html=1;fixedSize=1;" vertex="1" parent="WIyWlLk6GJQsqaUBKTNV-1">
          <mxGeometry x="2718.75" y="-600" width="127" height="60" as="geometry" />
        </mxCell>
        <mxCell id="cZDlXFjxWyc9DW6ugEul-182" style="edgeStyle=orthogonalEdgeStyle;rounded=0;orthogonalLoop=1;jettySize=auto;html=1;exitX=0.5;exitY=1;exitDx=0;exitDy=0;entryX=0.5;entryY=0;entryDx=0;entryDy=0;" edge="1" parent="WIyWlLk6GJQsqaUBKTNV-1" source="cZDlXFjxWyc9DW6ugEul-183" target="cZDlXFjxWyc9DW6ugEul-188">
          <mxGeometry relative="1" as="geometry" />
        </mxCell>
        <mxCell id="cZDlXFjxWyc9DW6ugEul-183" value="&lt;div&gt;sWins+=wins[sum]&lt;/div&gt;&lt;div&gt;sLosses+=losses[sum]&lt;/div&gt;" style="rounded=0;whiteSpace=wrap;html=1;" vertex="1" parent="WIyWlLk6GJQsqaUBKTNV-1">
          <mxGeometry x="2719.5" y="-395.5" width="125.5" height="35.5" as="geometry" />
        </mxCell>
        <mxCell id="cZDlXFjxWyc9DW6ugEul-184" style="edgeStyle=orthogonalEdgeStyle;rounded=0;orthogonalLoop=1;jettySize=auto;html=1;exitX=0.5;exitY=1;exitDx=0;exitDy=0;entryX=0.5;entryY=0;entryDx=0;entryDy=0;" edge="1" parent="WIyWlLk6GJQsqaUBKTNV-1" source="cZDlXFjxWyc9DW6ugEul-185" target="cZDlXFjxWyc9DW6ugEul-183">
          <mxGeometry relative="1" as="geometry" />
        </mxCell>
        <mxCell id="cZDlXFjxWyc9DW6ugEul-185" value="&lt;div&gt;int sum=2&lt;/div&gt;&lt;div&gt;sum&amp;lt;SIZE&lt;/div&gt;&lt;div&gt;sum++&lt;br&gt;&lt;/div&gt;" style="rhombus;whiteSpace=wrap;html=1;" vertex="1" parent="WIyWlLk6GJQsqaUBKTNV-1">
          <mxGeometry x="2726.5" y="-509" width="111.5" height="80" as="geometry" />
        </mxCell>
        <mxCell id="cZDlXFjxWyc9DW6ugEul-186" style="edgeStyle=orthogonalEdgeStyle;rounded=0;orthogonalLoop=1;jettySize=auto;html=1;exitX=1;exitY=0.5;exitDx=0;exitDy=0;entryX=0.5;entryY=0;entryDx=0;entryDy=0;" edge="1" parent="WIyWlLk6GJQsqaUBKTNV-1" source="cZDlXFjxWyc9DW6ugEul-185" target="cZDlXFjxWyc9DW6ugEul-185">
          <mxGeometry relative="1" as="geometry">
            <Array as="points">
              <mxPoint x="2881.75" y="-469" />
              <mxPoint x="2881.75" y="-527" />
              <mxPoint x="2782.75" y="-527" />
            </Array>
          </mxGeometry>
        </mxCell>
        <mxCell id="cZDlXFjxWyc9DW6ugEul-187" value="true" style="text;html=1;align=center;verticalAlign=middle;resizable=0;points=[];autosize=1;strokeColor=none;fillColor=none;" vertex="1" parent="WIyWlLk6GJQsqaUBKTNV-1">
          <mxGeometry x="2838.75" y="-489" width="39" height="26" as="geometry" />
        </mxCell>
        <mxCell id="cZDlXFjxWyc9DW6ugEul-188" value="&lt;div&gt;Output&lt;/div&gt;&lt;div&gt;sWins+sLosses&lt;/div&gt;&lt;div&gt;sWins/nGames*PERCENT&lt;/div&gt;&lt;div&gt;sLosses/nGames*PERCENT&lt;/div&gt;&lt;div&gt;mxThrw&lt;/div&gt;&lt;div&gt;numThrw/nGames&lt;/div&gt;&lt;div&gt;log10(mxThrw)&lt;br&gt;&lt;/div&gt;" style="shape=parallelogram;perimeter=parallelogramPerimeter;whiteSpace=wrap;html=1;fixedSize=1;" vertex="1" parent="WIyWlLk6GJQsqaUBKTNV-1">
          <mxGeometry x="2682" y="-332" width="200.5" height="105" as="geometry" />
        </mxCell>
        <mxCell id="cZDlXFjxWyc9DW6ugEul-195" style="edgeStyle=orthogonalEdgeStyle;rounded=0;orthogonalLoop=1;jettySize=auto;html=1;exitX=0.5;exitY=1;exitDx=0;exitDy=0;entryX=0.5;entryY=0;entryDx=0;entryDy=0;" edge="1" parent="WIyWlLk6GJQsqaUBKTNV-1" source="cZDlXFjxWyc9DW6ugEul-189" target="cZDlXFjxWyc9DW6ugEul-194">
          <mxGeometry relative="1" as="geometry" />
        </mxCell>
        <mxCell id="cZDlXFjxWyc9DW6ugEul-189" value="&lt;div&gt;Set and Declare&lt;/div&gt;&lt;div&gt;die1=rand()%sides+1&lt;/div&gt;&lt;div&gt;die2=rand()%sides+1&lt;/div&gt;&lt;div&gt;sum1=die1+die2&lt;br&gt;&lt;/div&gt;" style="rounded=0;whiteSpace=wrap;html=1;" vertex="1" parent="WIyWlLk6GJQsqaUBKTNV-1">
          <mxGeometry x="1978" y="-319" width="120" height="60" as="geometry" />
        </mxCell>
        <mxCell id="cZDlXFjxWyc9DW6ugEul-194" value="return sum1" style="ellipse;whiteSpace=wrap;html=1;" vertex="1" parent="WIyWlLk6GJQsqaUBKTNV-1">
          <mxGeometry x="2003" y="-223" width="70" height="50" as="geometry" />
        </mxCell>
      </root>
    </mxGraphModel>
  </diagram>
</mxfile>
